{
  "author": "Siddique Hameed",
  "name": "angular-timer",
  "version": "1.3.4",
  "homepage": "https://github.com/siddii/angular-timer",
  "description": "Angular-Timer : A simple AngularJS directive demonstrating re-usability & interoperability",
  "repository": {
    "type": "git",
    "url": "git://github.com/siddii/angular-timer.git"
  },
  "dependencies": {
    "angular": ">= 1.0.7",
    "moment": "~2.9.0",
    "humanize-duration": "~2.8.0"
  },
  "devDependencies": {
    "bootstrap": "2.3.2",
    "angular-scenario": ">= 1.0.7",
    "angular-mocks": ">= 1.0.7"
  },
  "main": "./dist/angular-timer.js",
  "ignore": [
    "node_modules",
    "bower_components"
  ],
  "resolutions": {
    "moment": "~2.9.0"
  },
  "_release": "1.3.4",
  "_resolution": {
    "type": "version",
    "tag": "v1.3.4",
    "commit": "aac5f396ae218874ba5bffe37a0b226f18681ea9"
  },
  "_source": "https://github.com/siddii/angular-timer.git",
  "_target": "^1.3.4",
  "_originalSource": "angular-timer"
}