{
  "name": "clipboard",
  "version": "2.0.1",
  "description": "Modern copy to clipboard. No Flash. Just 3kb",
  "license": "MIT",
  "main": "dist/clipboard.js",
  "ignore": [
    "/.*/",
    "/demo/",
    "/test/",
    "/.*",
    "/bower.json",
    "/karma.conf.js",
    "/src",
    "/lib"
  ],
  "keywords": [
    "clipboard",
    "copy",
    "cut"
  ],
  "homepage": "https://github.com/zenorocha/clipboard.js",
  "_release": "2.0.1",
  "_resolution": {
    "type": "version",
    "tag": "v2.0.1",
    "commit": "829ab52bddbe4da4af79ffa2632bae3a21491a19"
  },
  "_source": "https://github.com/zenorocha/clipboard.js.git",
  "_target": "^2.0.1",
  "_originalSource": "clipboard",
  "_direct": true
}